mechanism,intent,fiscal_year,period,n,ktrial_direct,ktrial_grant_linked,new_trial,k_ktrial,k_new_trial
K23,1,2014,pre_policy,74,55.4,39.2,33.8,41,25
K23,1,2015,pre_policy,72,47.2,43.1,34.7,34,25
K23,1,2016,pre_policy,79,59.5,40.5,35.4,47,28
K23,1,2017,pre_policy,76,55.3,39.5,42.1,42,32
K23,1,2018,pre_policy,72,54.2,44.4,41.7,39,30
K23,1,2018,post_policy,16,75.0,56.2,43.8,12,7
K23,1,2019,pre_policy,2,50.0,50.0,50.0,1,1
K23,1,2019,post_policy,89,70.8,60.7,32.6,63,29
K23,1,2020,post_policy,123,70.7,60.2,37.4,87,46
K23,1,2021,post_policy,118,77.1,57.6,28.8,91,34
K23,0,2014,pre_policy,119,5.0,2.5,21.8,6,26
K23,0,2015,pre_policy,110,4.5,3.6,16.4,5,18
K23,0,2016,pre_policy,127,7.1,5.5,20.5,9,26
K23,0,2017,pre_policy,135,2.2,0.7,17.8,3,24
K23,0,2018,pre_policy,143,2.1,1.4,18.9,3,27
K23,0,2018,post_policy,20,0.0,0.0,15.0,0,3
K23,0,2019,pre_policy,1,0.0,0.0,0.0,0,0
K23,0,2019,post_policy,151,4.6,2.6,22.5,7,34
K23,0,2020,post_policy,164,5.5,3.7,17.7,9,29
K23,0,2021,post_policy,156,5.8,3.8,16.7,9,26
K08,1,2014,pre_policy,3,66.7,33.3,33.3,2,1
K08,1,2016,pre_policy,3,33.3,0.0,0.0,1,0
K08,1,2017,pre_policy,3,33.3,33.3,0.0,1,0
K08,1,2018,pre_policy,5,80.0,40.0,40.0,4,2
K08,1,2018,post_policy,1,0.0,0.0,100.0,0,1
K08,1,2019,post_policy,15,66.7,60.0,33.3,10,5
K08,1,2020,post_policy,12,58.3,33.3,58.3,7,7
K08,1,2021,post_policy,13,53.8,38.5,30.8,7,4
K08,0,2014,pre_policy,153,1.3,0.7,12.4,2,19
K08,0,2015,pre_policy,154,0.0,0.0,7.1,0,11
K08,0,2016,pre_policy,163,0.6,0.0,11.0,1,18
K08,0,2017,pre_policy,195,0.0,0.0,11.8,0,23
K08,0,2018,pre_policy,154,0.0,0.0,6.5,0,10
K08,0,2018,post_policy,33,0.0,0.0,6.1,0,2
K08,0,2019,post_policy,211,0.0,0.0,9.5,0,20
K08,0,2020,post_policy,214,0.9,0.5,7.5,2,16
K08,0,2021,post_policy,183,1.6,0.5,6.0,3,11
