"mechanism","group","n","year","primary","secondary"
"K08","Required",40,1,22.5,37.5
"K08","Required",40,2,32.5,50
"K08","Required",40,3,40,65
"K08","Required",40,4,52.5,77.5
"K08","Required",40,5,57.5,85
"K08","Not Allowed",635,1,1.7,2
"K08","Not Allowed",635,2,3.3,3.6
"K08","Not Allowed",635,3,4.3,4.6
"K08","Not Allowed",635,4,5.7,6
"K08","Not Allowed",635,5,7.1,7.6
"K23","Required",358,1,5.3,28.8
"K23","Required",358,2,12.6,50.6
"K23","Required",358,3,17.6,65.1
"K23","Required",358,4,23.5,79.1
"K23","Required",358,5,33.8,84.1
"K23","Not Allowed",467,1,3.4,3.9
"K23","Not Allowed",467,2,6.4,7.5
"K23","Not Allowed",467,3,10.3,11.8
"K23","Not Allowed",467,4,15.6,16.9
"K23","Not Allowed",467,5,19.5,20.8
