"mechanism","eligibility","endpoint","population","population_id","method","n1","n0","unknown1","unknown0","known_excluded1","known_excluded0","events1","events0","p1","p0","RD","CI_low","CI_high","ESS1","ESS0","fisher_p","status","interval_method"
"K08","eligible_main","primary_main","all_eligible","K08__eligible_main__primary_main__all_eligible","raw",40,635,1,0,0,0,23,45,0.575,0.0708661417322828,0.504133858267717,0.349418333721015,0.645128209044448,40,635.000000000004,6.98938287575545e-15,"estimated","Wilson_Newcombe"
"K08","eligible_main","primary_main","common_year_IC_support","K08__eligible_main__primary_main__common_year_IC_support","pooled_standardized",40,202,1,0,0,433,23,20,0.675708130253585,0.100171567516065,0.57553656273752,0.353341192708123,0.670368015811069,13.9594194158914,199.526384528918,,"estimated","stratified_Wilson_MOVER_fixed_pooled_weights_approximation"
"K08","eligible_main","secondary_main","all_eligible","K08__eligible_main__secondary_main__all_eligible","raw",40,635,1,0,0,0,34,48,0.85,0.0755905511811016,0.774409448818899,0.631785223821428,0.855835775863518,40,635.000000000004,1.38185749696397e-28,"estimated","Wilson_Newcombe"
"K08","eligible_main","secondary_main","common_year_IC_support","K08__eligible_main__secondary_main__common_year_IC_support","pooled_standardized",40,202,1,0,0,433,34,22,0.882505121141485,0.110720191701053,0.771784929440432,0.542043515627415,0.826651185222769,13.9594194158914,199.526384528918,,"estimated","stratified_Wilson_MOVER_fixed_pooled_weights_approximation"
"K08","eligible_main","R01","all_eligible","K08__eligible_main__R01__all_eligible","raw",41,635,0,0,0,0,9,145,0.219512195121951,0.22834645669291,-0.00883426157095918,-0.114037486211162,0.141916616559434,41,635.000000000004,1,"estimated","Wilson_Newcombe"
"K08","eligible_main","R01","common_year_IC_support","K08__eligible_main__R01__common_year_IC_support","pooled_standardized",41,202,0,0,0,433,9,43,0.193943230980268,0.207566881835887,-0.0136236508556195,-0.103239548447051,0.207093192664716,14.1392469828354,199.515185227004,,"estimated","stratified_Wilson_MOVER_fixed_pooled_weights_approximation"
"K08","eligible_main","R34","all_eligible","K08__eligible_main__R34__all_eligible","raw",41,635,0,0,0,0,3,0,0.073170731707317,0,0.073170731707317,0.0248224392302874,0.19427448537719,41,635.000000000004,0.000207968753962819,"estimated","Wilson_Newcombe"
"K08","eligible_main","R34","common_year_IC_support","K08__eligible_main__R34__common_year_IC_support","pooled_standardized",41,202,0,0,0,433,3,0,0.0411522633744856,0,0.0411522633744856,-0.00819604524494667,0.255142497745899,14.1392469828354,199.515185227004,,"estimated","stratified_Wilson_MOVER_fixed_pooled_weights_approximation"
"K08","eligible_main","U01","all_eligible","K08__eligible_main__U01__all_eligible","raw",41,635,0,0,0,0,1,5,0.024390243902439,0.00787401574803142,0.0165162281544076,-0.0061011627654116,0.118176522848716,41,635.000000000004,0.313980505087068,"estimated","Wilson_Newcombe"
"K08","eligible_main","U01","common_year_IC_support","K08__eligible_main__U01__common_year_IC_support","pooled_standardized",41,202,0,0,0,433,1,2,0.0123456790123457,0.0101797704136885,0.00216590859865714,-0.0457381723157018,0.217396563283532,14.1392469828354,199.515185227004,,"estimated","stratified_Wilson_MOVER_fixed_pooled_weights_approximation"
"K08","eligible_main","any_funding","all_eligible","K08__eligible_main__any_funding__all_eligible","raw",41,635,0,0,0,0,12,149,0.292682926829268,0.234645669291335,0.0580372575379328,-0.0635499316746752,0.213336872558794,41,635.000000000004,0.448651691014008,"estimated","Wilson_Newcombe"
"K08","eligible_main","any_funding","common_year_IC_support","K08__eligible_main__any_funding__common_year_IC_support","pooled_standardized",41,202,0,0,0,433,12,45,0.235095494354753,0.217746652249576,0.0173488421051775,-0.0753154342110325,0.236997121522726,14.1392469828354,199.515185227004,,"estimated","stratified_Wilson_MOVER_fixed_pooled_weights_approximation"
"K08","eligible_main","primary_and_R01","all_eligible","K08__eligible_main__primary_and_R01__all_eligible","raw",41,635,0,0,0,0,5,9,0.121951219512195,0.0141732283464566,0.107777991165739,0.0379250058680769,0.241436872641087,41,635.000000000004,0.000857760146355875,"estimated","Wilson_Newcombe"
"K08","eligible_main","primary_and_R01","common_year_IC_support","K08__eligible_main__primary_and_R01__common_year_IC_support","pooled_standardized",41,202,0,0,0,433,5,1,0.121662973514825,0.00508988520684427,0.116573088307981,0.0504743960350383,0.332899679677855,14.1392469828354,199.515185227004,,"estimated","stratified_Wilson_MOVER_fixed_pooled_weights_approximation"
"K08","eligible_main","primary_without_R01","all_eligible","K08__eligible_main__primary_without_R01__all_eligible","raw",40,635,1,0,0,0,18,36,0.45,0.0566929133858262,0.393307086614174,0.24885548025194,0.545802262940468,40,635.000000000004,3.18173767468222e-11,"estimated","Wilson_Newcombe"
"K08","eligible_main","primary_without_R01","common_year_IC_support","K08__eligible_main__primary_without_R01__common_year_IC_support","pooled_standardized",40,202,1,0,0,433,18,19,0.551361517270608,0.0951693926574308,0.456192124613177,0.241636538529115,0.566696248145464,13.9594194158914,199.526384528918,,"estimated","stratified_Wilson_MOVER_fixed_pooled_weights_approximation"
"K08","eligible_main","R01_without_primary","all_eligible","K08__eligible_main__R01_without_primary__all_eligible","raw",41,635,0,0,0,0,4,136,0.0975609756097561,0.214173228346454,-0.116612252736698,-0.184466475865213,0.0148065064750685,41,635.000000000004,0.076349085151336,"estimated","Wilson_Newcombe"
"K08","eligible_main","R01_without_primary","common_year_IC_support","K08__eligible_main__R01_without_primary__common_year_IC_support","pooled_standardized",41,202,0,0,0,433,4,42,0.0722802574654426,0.202476996629043,-0.130196739163601,-0.200003117621226,0.0928026335561416,14.1392469828354,199.515185227004,,"estimated","stratified_Wilson_MOVER_fixed_pooled_weights_approximation"
"K08","eligible_main","primary_window_4y","all_eligible","K08__eligible_main__primary_window_4y__all_eligible","raw",40,635,1,0,0,0,21,36,0.525,0.0566929133858262,0.468307086614174,0.316846337645,0.614771028668631,40,635.000000000004,2.66410512048207e-14,"estimated","Wilson_Newcombe"
"K08","eligible_main","primary_window_4y","common_year_IC_support","K08__eligible_main__primary_window_4y__common_year_IC_support","pooled_standardized",40,202,1,0,0,433,21,17,0.64074309528855,0.0855521159946996,0.55519097929385,0.334724821641623,0.654623026159735,13.9594194158914,199.526384528918,,"estimated","stratified_Wilson_MOVER_fixed_pooled_weights_approximation"
"K08","eligible_main","primary_excl_basic_science","all_eligible","K08__eligible_main__primary_excl_basic_science__all_eligible","raw",40,635,1,0,0,0,23,44,0.575,0.0692913385826765,0.505708661417324,0.351021302021129,0.646676858291402,40,635.000000000004,4.75198787094723e-15,"estimated","Wilson_Newcombe"
"K08","eligible_main","primary_excl_basic_science","common_year_IC_support","K08__eligible_main__primary_excl_basic_science__common_year_IC_support","pooled_standardized",40,202,1,0,0,433,23,20,0.675708130253585,0.100171567516065,0.57553656273752,0.353341192708123,0.670368015811069,13.9594194158914,199.526384528918,,"estimated","stratified_Wilson_MOVER_fixed_pooled_weights_approximation"
"K08","eligible_main","primary_excl_withdrawn_zero","all_eligible","K08__eligible_main__primary_excl_withdrawn_zero__all_eligible","raw",40,635,1,0,0,0,23,44,0.575,0.0692913385826765,0.505708661417324,0.351021302021129,0.646676858291402,40,635.000000000004,4.75198787094723e-15,"estimated","Wilson_Newcombe"
"K08","eligible_main","primary_excl_withdrawn_zero","common_year_IC_support","K08__eligible_main__primary_excl_withdrawn_zero__common_year_IC_support","pooled_standardized",40,202,1,0,0,433,23,19,0.675708130253585,0.0959655462645892,0.579742583988996,0.357726841548227,0.674441449784092,13.9594194158914,199.526384528918,,"estimated","stratified_Wilson_MOVER_fixed_pooled_weights_approximation"
"K08","eligible_main","primary_excl_start_conflict","all_eligible","K08__eligible_main__primary_excl_start_conflict__all_eligible","raw",40,635,1,0,0,0,23,45,0.575,0.0708661417322828,0.504133858267717,0.349418333721015,0.645128209044448,40,635.000000000004,6.98938287575545e-15,"estimated","Wilson_Newcombe"
"K08","eligible_main","primary_excl_start_conflict","common_year_IC_support","K08__eligible_main__primary_excl_start_conflict__common_year_IC_support","pooled_standardized",40,202,1,0,0,433,23,20,0.675708130253585,0.100171567516065,0.57553656273752,0.353341192708123,0.670368015811069,13.9594194158914,199.526384528918,,"estimated","stratified_Wilson_MOVER_fixed_pooled_weights_approximation"
"K08","eligible_main","primary_registry_roles_only","all_eligible","K08__eligible_main__primary_registry_roles_only__all_eligible","raw",40,635,1,0,0,0,22,43,0.55,0.0677165354330702,0.48228346456693,0.328950605343728,0.62624444515269,40,635.000000000004,3.80758780150406e-14,"estimated","Wilson_Newcombe"
"K08","eligible_main","primary_registry_roles_only","common_year_IC_support","K08__eligible_main__primary_registry_roles_only__common_year_IC_support","pooled_standardized",40,202,1,0,0,433,22,19,0.65917920463375,0.0951693926574308,0.56400981197632,0.342276707952767,0.660096881311996,13.9594194158914,199.526384528918,,"estimated","stratified_Wilson_MOVER_fixed_pooled_weights_approximation"
"K08","eligible_main","primary_current_record_only","all_eligible","K08__eligible_main__primary_current_record_only__all_eligible","raw",40,635,1,0,0,0,21,43,0.525,0.0677165354330702,0.45728346456693,0.305615292135105,0.60392416334112,40,635.000000000004,4.16985435859475e-13,"estimated","Wilson_Newcombe"
"K08","eligible_main","primary_current_record_only","common_year_IC_support","K08__eligible_main__primary_current_record_only__common_year_IC_support","pooled_standardized",40,202,1,0,0,433,21,19,0.638058910786184,0.0951693926574308,0.542889518128753,0.322800376665485,0.641604509743563,13.9594194158914,199.526384528918,,"estimated","stratified_Wilson_MOVER_fixed_pooled_weights_approximation"
"K08","eligible_no_mixed","primary_main","all_eligible","K08__eligible_no_mixed__primary_main__all_eligible","raw",40,635,1,0,0,0,23,45,0.575,0.0708661417322828,0.504133858267717,0.349418333721015,0.645128209044448,40,635.000000000004,6.98938287575545e-15,"estimated","Wilson_Newcombe"
"K08","eligible_no_mixed","primary_main","common_year_IC_support","K08__eligible_no_mixed__primary_main__common_year_IC_support","pooled_standardized",40,202,1,0,0,433,23,20,0.675708130253585,0.100171567516065,0.57553656273752,0.353341192708123,0.670368015811069,13.9594194158914,199.526384528918,,"estimated","stratified_Wilson_MOVER_fixed_pooled_weights_approximation"
"K08","eligible_main","primary_main","preK_trial_PI_0","K08__eligible_main__primary_main__preK_trial_PI_0","raw",22,604,1,0,0,0,11,35,0.5,0.0579470198675504,0.44205298013245,0.248070324254011,0.635493862112021,22,604.000000000006,3.92136677334453e-08,"estimated","Wilson_Newcombe"
"K08","eligible_main","R01","preK_trial_PI_0","K08__eligible_main__R01__preK_trial_PI_0","raw",23,604,0,0,0,0,4,136,0.173913043478261,0.22516556291391,-0.0512525194356495,-0.161099992327996,0.148709803985514,23,604.000000000006,0.798677748850044,"estimated","Wilson_Newcombe"
"K08","eligible_main","primary_main","preK_trial_PI_1","K08__eligible_main__primary_main__preK_trial_PI_1","raw",18,31,0,0,0,0,12,10,0.666666666666667,0.32258064516129,0.344086021505376,0.0551239774160452,0.562772275614726,18,31,0.035866235770292,"estimated","Wilson_Newcombe"
"K08","eligible_main","R01","preK_trial_PI_1","K08__eligible_main__R01__preK_trial_PI_1","raw",18,31,0,0,0,0,5,9,0.277777777777778,0.290322580645161,-0.0125448028673837,-0.245305223125625,0.252167374636846,18,31,1,"estimated","Wilson_Newcombe"
"K08","eligible_main","primary_main","baseline_applied_human_scope","K08__eligible_main__primary_main__baseline_applied_human_scope","raw",36,10,1,0,0,0,19,1,0.527777777777778,0.1,0.427777777777778,0.0851667275697872,0.600862833832231,36,10,0.0277931701887903,"estimated","Wilson_Newcombe"
"K08","eligible_main","R01","baseline_applied_human_scope","K08__eligible_main__R01__baseline_applied_human_scope","raw",37,10,0,0,0,0,9,1,0.243243243243243,0.1,0.143243243243243,-0.180061431713991,0.321249140785116,37,10,0.664476920915615,"estimated","Wilson_Newcombe"
"K23","eligible_main","primary_main","all_eligible","K23__eligible_main__primary_main__all_eligible","raw",358,467,0,0,0,0,121,91,0.337988826815641,0.194860813704496,0.143128013111145,0.0824272116893405,0.203650524635514,358.000000000003,466.999999999998,4.19310121588712e-06,"estimated","Wilson_Newcombe"
"K23","eligible_main","primary_main","common_year_IC_support","K23__eligible_main__primary_main__common_year_IC_support","pooled_standardized",347,375,0,0,11,92,118,76,0.358805321705076,0.194447849052246,0.16435747265283,0.0998679505172802,0.219527829985618,301.226682997696,336.512932201207,,"estimated","stratified_Wilson_MOVER_fixed_pooled_weights_approximation"
"K23","eligible_main","secondary_main","all_eligible","K23__eligible_main__secondary_main__all_eligible","raw",358,467,0,0,0,0,301,97,0.840782122905028,0.207708779443253,0.633073343461774,0.576059707312917,0.681573092938239,358.000000000003,466.999999999998,6.87576381650994e-78,"estimated","Wilson_Newcombe"
"K23","eligible_main","secondary_main","common_year_IC_support","K23__eligible_main__secondary_main__common_year_IC_support","pooled_standardized",347,375,0,0,11,92,292,80,0.846196553577367,0.210375826891581,0.635820726685786,0.564740429125667,0.671637118583103,301.226682997696,336.512932201207,,"estimated","stratified_Wilson_MOVER_fixed_pooled_weights_approximation"
"K23","eligible_main","R01","all_eligible","K23__eligible_main__R01__all_eligible","raw",358,467,0,0,0,0,61,111,0.170391061452513,0.237687366167022,-0.0672963047145091,-0.121196794533961,-0.0114388649154974,358.000000000003,466.999999999998,0.0195939222041187,"estimated","Wilson_Newcombe"
"K23","eligible_main","R01","common_year_IC_support","K23__eligible_main__R01__common_year_IC_support","pooled_standardized",347,375,0,0,11,92,61,84,0.171238982746191,0.214586867627357,-0.0433478848811656,-0.0999559507704505,0.0171450720139326,301.226682997696,336.512932201207,,"estimated","stratified_Wilson_MOVER_fixed_pooled_weights_approximation"
"K23","eligible_main","R34","all_eligible","K23__eligible_main__R34__all_eligible","raw",358,467,0,0,0,0,14,11,0.0391061452513964,0.0235546038543896,0.0155515413970068,-0.00840980152279175,0.0430328463144158,358.000000000003,466.999999999998,0.221991938229992,"estimated","Wilson_Newcombe"
"K23","eligible_main","R34","common_year_IC_support","K23__eligible_main__R34__common_year_IC_support","pooled_standardized",347,375,0,0,11,92,13,9,0.0337019018133569,0.02849521851884,0.00520668329451698,-0.0415206245374328,0.0550673587705365,301.226682997696,336.512932201207,,"estimated","stratified_Wilson_MOVER_fixed_pooled_weights_approximation"
"K23","eligible_main","U01","all_eligible","K23__eligible_main__U01__all_eligible","raw",358,467,0,0,0,0,3,5,0.00837988826815637,0.0107066381156316,-0.00232674984747527,-0.0174792898997023,0.0147723367127246,358.000000000003,466.999999999998,1,"estimated","Wilson_Newcombe"
"K23","eligible_main","U01","common_year_IC_support","K23__eligible_main__U01__common_year_IC_support","pooled_standardized",347,375,0,0,11,92,3,4,0.0074294114788356,0.0106013388734995,-0.00317192739466393,-0.0482995734062022,0.0453051320009462,301.226682997696,336.512932201207,,"estimated","stratified_Wilson_MOVER_fixed_pooled_weights_approximation"
"K23","eligible_main","any_funding","all_eligible","K23__eligible_main__any_funding__all_eligible","raw",358,467,0,0,0,0,74,122,0.206703910614524,0.261241970021411,-0.0545380594068878,-0.111429563324143,0.00418327210507358,358.000000000003,466.999999999998,0.0700112355627174,"estimated","Wilson_Newcombe"
"K23","eligible_main","any_funding","common_year_IC_support","K23__eligible_main__any_funding__common_year_IC_support","pooled_standardized",347,375,0,0,11,92,73,93,0.202444164921117,0.23815117333786,-0.0357070084167433,-0.0932705377068166,0.0255664070402669,301.226682997696,336.512932201207,,"estimated","stratified_Wilson_MOVER_fixed_pooled_weights_approximation"
"K23","eligible_main","primary_and_R01","all_eligible","K23__eligible_main__primary_and_R01__all_eligible","raw",358,467,0,0,0,0,38,29,0.106145251396647,0.0620985010706635,0.0440467503259838,0.00619068269914465,0.0847015210673377,358.000000000003,466.999999999998,0.0282191211828426,"estimated","Wilson_Newcombe"
"K23","eligible_main","primary_and_R01","common_year_IC_support","K23__eligible_main__primary_and_R01__common_year_IC_support","pooled_standardized",347,375,0,0,11,92,38,23,0.107994204606427,0.0577271673188995,0.0502670372875278,-0.00132694184068811,0.104297512931555,301.226682997696,336.512932201207,,"estimated","stratified_Wilson_MOVER_fixed_pooled_weights_approximation"
"K23","eligible_main","primary_without_R01","all_eligible","K23__eligible_main__primary_without_R01__all_eligible","raw",358,467,0,0,0,0,83,62,0.231843575418993,0.132762312633832,0.0990812627851604,0.0461600084895938,0.153190391082841,358.000000000003,466.999999999998,0.00029840805437886,"estimated","Wilson_Newcombe"
"K23","eligible_main","primary_without_R01","common_year_IC_support","K23__eligible_main__primary_without_R01__common_year_IC_support","pooled_standardized",347,375,0,0,11,92,80,53,0.250811117098649,0.136720681733346,0.114090435365302,0.0539890869757407,0.168105522838115,301.226682997696,336.512932201207,,"estimated","stratified_Wilson_MOVER_fixed_pooled_weights_approximation"
"K23","eligible_main","R01_without_primary","all_eligible","K23__eligible_main__R01_without_primary__all_eligible","raw",358,467,0,0,0,0,23,82,0.0642458100558655,0.175588865096359,-0.111343055040493,-0.154015227838238,-0.0673969396834153,358.000000000003,466.999999999998,1.51138947496721e-06,"estimated","Wilson_Newcombe"
"K23","eligible_main","R01_without_primary","common_year_IC_support","K23__eligible_main__R01_without_primary__common_year_IC_support","pooled_standardized",347,375,0,0,11,92,23,61,0.0632447781397637,0.156859700308457,-0.0936149221686935,-0.145735323450404,-0.037412378965793,301.226682997696,336.512932201207,,"estimated","stratified_Wilson_MOVER_fixed_pooled_weights_approximation"
"K23","eligible_main","primary_window_4y","all_eligible","K23__eligible_main__primary_window_4y__all_eligible","raw",358,467,0,0,0,0,84,73,0.234636871508378,0.156316916488222,0.0783199550201564,0.0239857893729103,0.133781746843882,358.000000000003,466.999999999998,0.00545266184781442,"estimated","Wilson_Newcombe"
"K23","eligible_main","primary_window_4y","common_year_IC_support","K23__eligible_main__primary_window_4y__common_year_IC_support","pooled_standardized",347,375,0,0,11,92,81,62,0.239851654329412,0.159455851304632,0.0803958030247805,0.0213397889120858,0.136935678742901,301.226682997696,336.512932201207,,"estimated","stratified_Wilson_MOVER_fixed_pooled_weights_approximation"
"K23","eligible_main","primary_excl_basic_science","all_eligible","K23__eligible_main__primary_excl_basic_science__all_eligible","raw",358,467,0,0,0,0,116,90,0.324022346368713,0.192719486081369,0.131302860287344,0.071194885336447,0.191431405769746,358.000000000003,466.999999999998,2.26237249391677e-05,"estimated","Wilson_Newcombe"
"K23","eligible_main","primary_excl_basic_science","common_year_IC_support","K23__eligible_main__primary_excl_basic_science__common_year_IC_support","pooled_standardized",347,375,0,0,11,92,113,75,0.345637921781117,0.192601126983917,0.1530367947972,0.0890459088100841,0.208315743721627,301.226682997696,336.512932201207,,"estimated","stratified_Wilson_MOVER_fixed_pooled_weights_approximation"
"K23","eligible_main","primary_excl_withdrawn_zero","all_eligible","K23__eligible_main__primary_excl_withdrawn_zero__all_eligible","raw",358,467,0,0,0,0,121,90,0.337988826815641,0.192719486081369,0.145269340734272,0.0846510894840903,0.205700623673541,358.000000000003,466.999999999998,2.75251657917072e-06,"estimated","Wilson_Newcombe"
"K23","eligible_main","primary_excl_withdrawn_zero","common_year_IC_support","K23__eligible_main__primary_excl_withdrawn_zero__common_year_IC_support","pooled_standardized",347,375,0,0,11,92,118,75,0.358805321705076,0.192878135294166,0.16592718641091,0.101422861556474,0.221058653943734,301.226682997696,336.512932201207,,"estimated","stratified_Wilson_MOVER_fixed_pooled_weights_approximation"
"K23","eligible_main","primary_excl_start_conflict","all_eligible","K23__eligible_main__primary_excl_start_conflict__all_eligible","raw",358,467,0,0,0,0,121,91,0.337988826815641,0.194860813704496,0.143128013111145,0.0824272116893405,0.203650524635514,358.000000000003,466.999999999998,4.19310121588712e-06,"estimated","Wilson_Newcombe"
"K23","eligible_main","primary_excl_start_conflict","common_year_IC_support","K23__eligible_main__primary_excl_start_conflict__common_year_IC_support","pooled_standardized",347,375,0,0,11,92,118,76,0.358805321705076,0.194447849052246,0.16435747265283,0.0998679505172802,0.219527829985618,301.226682997696,336.512932201207,,"estimated","stratified_Wilson_MOVER_fixed_pooled_weights_approximation"
"K23","eligible_main","primary_registry_roles_only","all_eligible","K23__eligible_main__primary_registry_roles_only__all_eligible","raw",358,467,0,0,0,0,119,89,0.33240223463687,0.190578158458243,0.141824076178627,0.0814895635848563,0.202046950639699,358.000000000003,466.999999999998,3.82602540539256e-06,"estimated","Wilson_Newcombe"
"K23","eligible_main","primary_registry_roles_only","common_year_IC_support","K23__eligible_main__primary_registry_roles_only__common_year_IC_support","pooled_standardized",347,375,0,0,11,92,116,74,0.354496303545642,0.189241576792649,0.165254726752993,0.10089273204965,0.220287079542134,301.226682997696,336.512932201207,,"estimated","stratified_Wilson_MOVER_fixed_pooled_weights_approximation"
"K23","eligible_main","primary_current_record_only","all_eligible","K23__eligible_main__primary_current_record_only__all_eligible","raw",358,467,0,0,0,0,119,85,0.33240223463687,0.182012847965738,0.150389386671132,0.0903985940500721,0.210238318446408,358.000000000003,466.999999999998,9.16238401175392e-07,"estimated","Wilson_Newcombe"
"K23","eligible_main","primary_current_record_only","common_year_IC_support","K23__eligible_main__primary_current_record_only__common_year_IC_support","pooled_standardized",347,375,0,0,11,92,116,70,0.354496303545642,0.179171360766755,0.175324942778888,0.110910572623066,0.229927160738328,301.226682997696,336.512932201207,,"estimated","stratified_Wilson_MOVER_fixed_pooled_weights_approximation"
"K23","eligible_no_mixed","primary_main","all_eligible","K23__eligible_no_mixed__primary_main__all_eligible","raw",355,467,0,0,0,0,120,91,0.338028169014085,0.194860813704496,0.143167355309589,0.0823183054710492,0.203872702617248,354.999999999999,466.999999999998,4.0247239319344e-06,"estimated","Wilson_Newcombe"
"K23","eligible_no_mixed","primary_main","common_year_IC_support","K23__eligible_no_mixed__primary_main__common_year_IC_support","pooled_standardized",344,375,0,0,11,92,117,76,0.359348717643046,0.193845174338045,0.165503543305001,0.100845147212223,0.220994710607832,296.18012131795,335.934218727544,,"estimated","stratified_Wilson_MOVER_fixed_pooled_weights_approximation"
"K23","eligible_main","primary_main","preK_trial_PI_0","K23__eligible_main__primary_main__preK_trial_PI_0","raw",254,420,0,0,0,0,72,73,0.283464566929134,0.173809523809524,0.10965504311961,0.0446599091449419,0.176792144828967,254.000000000002,420.000000000001,0.000983726262304736,"estimated","Wilson_Newcombe"
"K23","eligible_main","R01","preK_trial_PI_0","K23__eligible_main__R01__preK_trial_PI_0","raw",254,420,0,0,0,0,37,101,0.145669291338583,0.240476190476191,-0.0948068991376081,-0.152339761919029,-0.0328179164284329,254.000000000002,420.000000000001,0.00309860860691815,"estimated","Wilson_Newcombe"
"K23","eligible_main","primary_main","preK_trial_PI_1","K23__eligible_main__primary_main__preK_trial_PI_1","raw",104,47,0,0,0,0,49,18,0.471153846153847,0.382978723404255,0.0881751227495922,-0.0823046435900116,0.24538331376214,104,47,0.377354414342156,"estimated","Wilson_Newcombe"
"K23","eligible_main","R01","preK_trial_PI_1","K23__eligible_main__R01__preK_trial_PI_1","raw",104,47,0,0,0,0,24,10,0.230769230769231,0.212765957446808,0.0180032733224225,-0.135429658286747,0.147108604091194,104,47,1,"estimated","Wilson_Newcombe"
"K23","eligible_main","primary_main","baseline_applied_human_scope","K23__eligible_main__primary_main__baseline_applied_human_scope","raw",336,27,0,0,0,0,115,9,0.342261904761905,0.333333333333334,0.00892857142857156,-0.185680704521713,0.164847938924149,335.999999999999,27,1,"estimated","Wilson_Newcombe"
"K23","eligible_main","R01","baseline_applied_human_scope","K23__eligible_main__R01__baseline_applied_human_scope","raw",336,27,0,0,0,0,59,6,0.175595238095239,0.222222222222222,-0.0466269841269838,-0.235621375726158,0.0776786887217831,335.999999999999,27,0.60059002236052,"estimated","Wilson_Newcombe"
