quantity,comparison,estimate,lo,hi
has_k_trial,post minus pre_early,18.6,12.0,25.4
has_k_trial,post minus pre_legacy,19.1,6.9,29.7
a_pi_from_registration,post minus pre_early,12.7,5.9,20.1
a_pi_from_registration,post minus pre_legacy,15.2,3.8,25.0
b_link_added_later_or_never,post minus pre_early,6.3,-0.3,13.7
b_link_added_later_or_never,post minus pre_legacy,2.6,-6.5,11.3
c_responsibility_shift,post minus pre_early,0.2,-0.9,1.3
c_responsibility_shift,post minus pre_legacy,0.9,0.0,1.8
d_insufficient,post minus pre_early,0.5,-1.8,2.7
d_insufficient,post minus pre_legacy,-0.6,-6.8,3.6
v0_awardee_pi,post minus pre_early,17.6,10.6,24.6
v0_awardee_pi,post minus pre_legacy,17.7,6.2,28.9
other_pi_v0,post minus pre_early,-0.1,-2.2,1.7
other_pi_v0,post minus pre_legacy,2.9,1.3,4.6
awardee_added_later,post minus pre_early,1.3,-1.2,3.8
awardee_added_later,post minus pre_legacy,0.3,-6.1,4.7
klink_v0,post minus pre_early,12.2,4.9,19.9
klink_v0,post minus pre_legacy,15.0,2.1,25.0
klink_added_later,post minus pre_early,7.9,2.7,13.3
klink_added_later,post minus pre_legacy,-1.0,-11.1,7.0
started,post minus pre_early,17.1,10.7,24.0
started,post minus pre_legacy,17.2,4.6,27.5
completed,post minus pre_early,2.0,-4.8,8.9
completed,post minus pre_legacy,1.3,-11.1,11.0
completed_within_5y,post minus pre_early,8.7,1.4,15.6
completed_within_5y,post minus pre_legacy,9.9,-0.8,19.9
stopped,post minus pre_early,-2.4,-6.0,1.2
stopped,post minus pre_legacy,-0.8,-6.7,4.6
results,post minus pre_early,7.5,0.7,15.1
results,post minus pre_legacy,-6.8,-20.3,4.4
published,post minus pre_early,-3.9,-9.3,1.4
published,post minus pre_legacy,-3.3,-13.6,5.7
awardee_first_last,post minus pre_early,-3.6,-9.0,1.8
awardee_first_last,post minus pre_legacy,-0.9,-11.5,8.2
