"outcome","spec","M_pp_per_year","estimate","lo","hi","drift_exposure_years","breakdown_pp_per_year","n","reps"
"ktrial_direct","original",0,18.566,11.944,25.471,2.7598,4.2948,1847,1000
"ktrial_direct","original",0.5,18.566,10.551,26.841,2.7598,4.2948,1847,1000
"ktrial_direct","original",1,18.566,9.159,28.211,2.7598,4.2948,1847,1000
"ktrial_direct","original",2,18.566,6.374,30.951,2.7598,4.2948,1847,1000
"ktrial_direct","pretrend_extrapolated",0,9.127,-11.707,30.874,2.7598,0,1847,1000
"ktrial_direct","pretrend_extrapolated",0.5,9.127,-13.091,32.253,2.7598,0,1847,1000
"ktrial_direct","pretrend_extrapolated",1,9.127,-14.475,33.636,2.7598,0,1847,1000
"ktrial_direct","pretrend_extrapolated",2,9.127,-17.243,36.404,2.7598,0,1847,1000
"primary","original",0,-2.756,-12.12,6.468,2.7598,0,1847,1000
"primary","original",0.5,-2.756,-13.495,7.846,2.7598,0,1847,1000
"primary","original",1,-2.756,-14.896,9.224,2.7598,0,1847,1000
"primary","original",2,-2.756,-17.702,11.979,2.7598,0,1847,1000
"primary","pretrend_extrapolated",0,-17.369,-38.475,5.549,2.7598,0,1847,1000
"primary","pretrend_extrapolated",0.5,-17.369,-39.877,6.942,2.7598,0,1847,1000
"primary","pretrend_extrapolated",1,-17.369,-41.28,8.335,2.7598,0,1847,1000
"primary","pretrend_extrapolated",2,-17.369,-44.081,11.12,2.7598,0,1847,1000
"k_minus_new","original",0,21.322,11.128,31.014,2.7598,4.0089,1847,1000
"k_minus_new","original",0.5,21.322,9.774,32.435,2.7598,4.0089,1847,1000
"k_minus_new","original",1,21.322,8.391,33.857,2.7598,4.0089,1847,1000
"k_minus_new","original",2,21.322,5.623,36.664,2.7598,4.0089,1847,1000
"k_minus_new","pretrend_extrapolated",0,26.496,-6.175,59.156,2.7598,0,1847,1000
"k_minus_new","pretrend_extrapolated",0.5,26.496,-7.535,60.536,2.7598,0,1847,1000
"k_minus_new","pretrend_extrapolated",1,26.496,-8.895,61.916,2.7598,0,1847,1000
"k_minus_new","pretrend_extrapolated",2,26.496,-11.616,64.676,2.7598,0,1847,1000
