"analysis","mechanism","outcome","spec","estimate","lo","hi","se","mde80","n","na_reps"
"historical DID","K23","R01nih_5y","year FE + IC",-0.7,-8.1,6.7,3.76,10.5,1847,0
"historical DID","K23","R01nih_or_trialgrant_5y","year FE + IC",-1.4,-8.8,5.4,3.63,10.2,1847,0
"main RD","K23","R01nih_5y","unadjusted",-5.7,-12,-0.2,3.03,8.5,825,0
"main RD","K23","R01nih_or_trialgrant_5y","unadjusted",-4.6,-11,1.1,3.05,8.5,825,0
"main RD","K23","R01nih_5y","adjusted for FY + IC",-4.2,-10.6,1.5,3.11,8.7,825,0
"historical DID","K08","R01nih_5y","year FE + IC",14.1,-11.4,40,13.66,38.3,1515,0
"historical DID","K08","R01nih_or_trialgrant_5y","year FE + IC",14.2,-13.6,39.4,13.27,37.2,1515,0
"main RD","K08","R01nih_5y","unadjusted",3.2,-12.5,19.8,8.28,23.2,675,0
"main RD","K08","R01nih_or_trialgrant_5y","unadjusted",2.4,-15.2,18.6,8.8,24.6,675,0
"main RD","K08","R01nih_5y","adjusted for FY + IC",2.9,-13.8,22,9.21,25.8,675,0
