stratum,intent,component,n,events,share_pct
pre_early,0,id_field,491,15,3.05
pre_early,0,text,491,0,0.0
pre_early,0,none,491,9,1.83
pre_early,1,id_field,301,122,40.53
pre_early,1,text,301,0,0.0
pre_early,1,none,301,50,16.61
pre_legacy,0,id_field,144,2,1.39
pre_legacy,0,text,144,0,0.0
pre_legacy,0,none,144,1,0.69
pre_legacy,1,id_field,74,33,44.59
pre_legacy,1,text,74,0,0.0
pre_legacy,1,none,74,11,14.86
post,0,id_field,491,16,3.26
post,0,text,491,0,0.0
post,0,none,491,10,2.04
post,1,id_field,346,205,59.25
post,1,text,346,0,0.0
post,1,none,346,60,17.34
