stratum,intent,link,judgment,n_pairs
post,0,id_field,original_K,16
post,0,none,new_protocol,128
post,0,none,original_K,10
post,1,id_field,new_protocol,6
post,1,id_field,original_K,219
post,1,none,new_protocol,183
post,1,none,original_K,64
pre_early,0,id_field,new_protocol,3
pre_early,0,id_field,original_K,12
pre_early,0,none,new_protocol,131
pre_early,0,none,original_K,10
pre_early,1,id_field,new_protocol,4
pre_early,1,id_field,original_K,124
pre_early,1,none,new_protocol,158
pre_early,1,none,original_K,55
pre_legacy,0,id_field,original_K,2
pre_legacy,0,none,new_protocol,40
pre_legacy,0,none,original_K,1
pre_legacy,1,id_field,new_protocol,2
pre_legacy,1,id_field,original_K,32
pre_legacy,1,none,new_protocol,54
pre_legacy,1,none,original_K,12
