"analysis","mechanism","outcome","spec","estimate","lo","hi","n","na_reps"
"historical DID","K23","primary","adjusted for pre-K trial PI",-3.4,-12.6,5.3,1847,0
"historical DID","K23","primary","pre-K trial PI x post also",-2.3,-11.2,6.9,1847,0
"main RD","K23","primary_main","adjusted for pre-K trial PI + FY + IC",10.5,2.6,17.7,825,0
"main RD","K23","primary_main","unadjusted (reference)",14.3,7.1,20.7,825,0
"historical DID","K23","secondary","year FE + IC",10.8,1.8,19.3,1847,0
"historical DID","K23","informative_new_trial","year FE + IC",-2,-8.1,3.9,1847,0
"main RD","K23","informative_new_trial","unadjusted",4.8,-0.1,9.7,825,0
"historical DID","K23","multisite_new_trial","year FE + IC",2,-1.9,5.5,1847,0
"main RD","K23","multisite_new_trial","unadjusted",1,-1.8,3.6,825,0
"historical DID","K23","completed_with_results","year FE + IC",-3.8,-9.4,2.1,1847,0
"main RD","K23","completed_with_results","unadjusted",4.5,0.5,8.4,825,0
"historical DID","K23","nih_funded_new_trial","year FE + IC",-1.4,-7.8,5.8,1847,0
"main RD","K23","nih_funded_new_trial","unadjusted",9.3,4.2,14.5,825,0
"historical DID","K23","industry_new_trial","year FE + IC",0.9,-2.3,4.4,1847,0
"main RD","K23","industry_new_trial","unadjusted",-0.3,-2.5,1.8,825,0
"historical DID","K23","R01eq","year FE + IC",0.1,-7.1,7.5,1847,0
"main RD","K23","R01eq","unadjusted",-6.4,-12.5,-0.8,825,0
"historical DID","K23","R01eq_contact_PI","year FE + IC",1.9,-5.3,8.4,1847,0
"main RD","K23","R01eq_contact_PI","unadjusted",-5.9,-10.9,-0.8,825,0
"historical DID","K08","primary","adjusted for pre-K trial PI",16.9,-4,38.9,1515,0
"historical DID","K08","primary","pre-K trial PI x post also",16.2,-4,37.9,1515,0
"main RD","K08","primary_main","adjusted for pre-K trial PI + FY + IC",36,20,51,675,0
"main RD","K08","primary_main","unadjusted (reference)",50.4,35.5,65.7,675,0
"historical DID","K08","secondary","year FE + IC",5,-21.3,41.9,1515,0
"historical DID","K08","informative_new_trial","year FE + IC",9.6,-16.7,27.2,1515,0
"main RD","K08","informative_new_trial","unadjusted",18.4,5.3,33,675,0
"historical DID","K08","multisite_new_trial","year FE + IC",10.4,1.3,21.6,1515,0
"main RD","K08","multisite_new_trial","unadjusted",16.2,6,28.4,675,0
"historical DID","K08","completed_with_results","year FE + IC",17,5.3,30.2,1515,0
"main RD","K08","completed_with_results","unadjusted",16.7,5,29.9,675,0
"historical DID","K08","nih_funded_new_trial","year FE + IC",23.5,9.9,38.1,1515,0
"main RD","K08","nih_funded_new_trial","unadjusted",25.9,13,41.9,675,0
"historical DID","K08","industry_new_trial","year FE + IC",7,-1.4,17.2,1515,0
"main RD","K08","industry_new_trial","unadjusted",15.5,4.5,27.1,675,0
"historical DID","K08","R01eq","year FE + IC",12.4,-13.4,39.3,1515,0
"main RD","K08","R01eq","unadjusted",4.6,-11.7,21.2,675,0
"historical DID","K08","R01eq_contact_PI","year FE + IC",12.3,-10.7,38.6,1515,0
"main RD","K08","R01eq_contact_PI","unadjusted",6.2,-10.5,23.3,675,0
"historical hazard DID (per person-year)","K23","first new trial","years-since-K FE + calendar FE + IC",-0.8,-3,1.6,8379,0
"historical hazard DID (per person-year)","K23","first new trial","+ calendar x intent FE",-4.4,-8,-0.4,8379,0
"historical hazard DID (per person-year)","K23","first new trial","+ calendar x intent + years-since-K x intent FE",-3,-7.5,0.6,8379,0
"historical hazard DID (per person-year)","K23","first new trial","excluding 2020-2021 person-years",0.5,-2,3.1,6167,0
"historical hazard DID (per person-year)","K08","first new trial","years-since-K FE + calendar FE + IC",5.6,-1.6,12.6,7253,1
"historical hazard DID (per person-year)","K08","first new trial","+ calendar x intent FE",7.7,-1.1,17.1,7253,0
"historical hazard DID (per person-year)","K08","first new trial","+ calendar x intent + years-since-K x intent FE",6.8,-7.2,22.7,7253,0
"historical hazard DID (per person-year)","K08","first new trial","excluding 2020-2021 person-years",2.1,-6.9,9.7,5288,0
