"cal_year","intent","post","event","n"
2014,0,0,1.79,56
2015,0,0,5.92,169
2016,0,0,5.43,276
2017,0,0,2.51,398
2018,0,0,2.96,540
2019,0,0,4.1,537
2020,0,0,3.99,426
2021,0,0,6.09,312
2022,0,0,5.56,180
2023,0,0,2.04,49
2014,1,0,3.57,28
2015,1,0,2.94,102
2016,1,0,7.82,179
2017,1,0,8.71,241
2018,1,0,5.61,303
2019,1,0,9.06,298
2020,1,0,13.66,227
2021,1,0,10.07,139
2022,1,0,13.58,81
2023,1,0,10.53,19
2019,0,1,3.23,93
2020,0,1,3.92,255
2021,0,1,3.33,420
2022,0,1,4.09,464
2023,0,1,4.72,445
2024,0,1,5.16,349
2025,0,1,1.96,204
2026,0,1,5.45,55
2019,1,1,3.28,61
2020,1,1,7.27,165
2021,1,1,5.22,268
2022,1,1,7.55,318
2023,1,1,5.78,294
2024,1,1,11.76,238
2025,1,1,10,140
2026,1,1,10,50
